{"type":"FeatureCollection","features":[{"type":"feature","id":0,"rating":0,"geometry":{"type":"Point","coordinates":[60.053775529627,30.328803718425]},"properties":{"balloonContentHeader":"Лучшая Шаверма","balloonContentBody":"<div class='rating'><span>☆<\/span><span>☆<\/span><span>☆<\/span><span>☆<\/span><span>☆<\/span><\/div>","balloonContentFooter":"<button value='submit'>Выбранную точку невозможно удалить<\/button>","clusterCaption":"Лучшая Шаверма","hintContent":"Лучшая Шаверма"}},{"type":"feature","id":1,"rating":0,"geometry":{"type":"Point","coordinates":[60.049204493016,30.333138168189]},"properties":{"balloonContentHeader":"Хорошая Шаверма","balloonContentBody":"<div class='rating'><span>☆<\/span><span>☆<\/span><span>☆<\/span><span>☆<\/span><span>☆<\/span><\/div>","balloonContentFooter":"<form action='deletePoint.php'><input  type='hidden' name='id' value='1'><button value='submit'>Удалить выбранную точку?<\/button><\/form>","clusterCaption":"Хорошая Шаверма","hintContent":"Хорошая Шаверма"}},{"type":"feature","id":2,"rating":0,"geometry":{"type":"Point","coordinates":[60.049467585902,30.333354389209]},"properties":{"balloonContentHeader":"Не очень хорошая шавема","balloonContentBody":"<div class='rating'><span>☆<\/span><span>☆<\/span><span>☆<\/span><span>☆<\/span><span>☆<\/span><\/div>","balloonContentFooter":"<form action='deletePoint.php'><input  type='hidden' name='id' value='2'><button value='submit'>Удалить выбранную точку?<\/button><\/form>","clusterCaption":"Не очень хорошая шавема","hintContent":"Не очень хорошая шавема"}}]}